{"frames": {

"button-border.png":
{
	"frame": {"x":264,"y":568,"w":36,"h":36},
	"rotated": false,
	"trimmed": false,
	"spriteSourceSize": {"x":0,"y":0,"w":36,"h":36},
	"sourceSize": {"w":36,"h":36}
},
"cancel.png":
{
	"frame": {"x":102,"y":740,"w":44,"h":44},
	"rotated": false,
	"trimmed": false,
	"spriteSourceSize": {"x":0,"y":0,"w":44,"h":44},
	"sourceSize": {"w":44,"h":44}
},
"check-mark.png":
{
	"frame": {"x":150,"y":740,"w":44,"h":42},
	"rotated": true,
	"trimmed": true,
	"spriteSourceSize": {"x":0,"y":1,"w":44,"h":42},
	"sourceSize": {"w":44,"h":44}
},
"down2.png":
{
	"frame": {"x":236,"y":744,"w":34,"h":34},
	"rotated": false,
	"trimmed": true,
	"spriteSourceSize": {"x":5,"y":5,"w":34,"h":34},
	"sourceSize": {"w":44,"h":44}
},
"invertX.png":
{
	"frame": {"x":102,"y":608,"w":96,"h":73},
	"rotated": false,
	"trimmed": true,
	"spriteSourceSize": {"x":0,"y":7,"w":96,"h":73},
	"sourceSize": {"w":96,"h":80}
},
"inverty.png":
{
	"frame": {"x":2,"y":692,"w":96,"h":74},
	"rotated": false,
	"trimmed": true,
	"spriteSourceSize": {"x":0,"y":0,"w":96,"h":74},
	"sourceSize": {"w":96,"h":80}
},
"key-arrow-down.png":
{
	"frame": {"x":202,"y":664,"w":36,"h":36},
	"rotated": false,
	"trimmed": false,
	"spriteSourceSize": {"x":0,"y":0,"w":36,"h":36},
	"sourceSize": {"w":36,"h":36}
},
"key-arrow-right.png":
{
	"frame": {"x":199,"y":704,"w":36,"h":36},
	"rotated": false,
	"trimmed": false,
	"spriteSourceSize": {"x":0,"y":0,"w":36,"h":36},
	"sourceSize": {"w":36,"h":36}
},
"key-arrowleft.png":
{
	"frame": {"x":196,"y":744,"w":36,"h":36},
	"rotated": false,
	"trimmed": false,
	"spriteSourceSize": {"x":0,"y":0,"w":36,"h":36},
	"sourceSize": {"w":36,"h":36}
},
"key-arrowup.png":
{
	"frame": {"x":242,"y":664,"w":36,"h":36},
	"rotated": false,
	"trimmed": false,
	"spriteSourceSize": {"x":0,"y":0,"w":36,"h":36},
	"sourceSize": {"w":36,"h":36}
},
"key-space.png":
{
	"frame": {"x":2,"y":568,"w":200,"h":36},
	"rotated": false,
	"trimmed": false,
	"spriteSourceSize": {"x":0,"y":0,"w":200,"h":36},
	"sourceSize": {"w":200,"h":36}
},
"left2.png":
{
	"frame": {"x":256,"y":610,"w":34,"h":34},
	"rotated": false,
	"trimmed": true,
	"spriteSourceSize": {"x":5,"y":5,"w":34,"h":34},
	"sourceSize": {"w":44,"h":44}
},
"Logo.png":
{
	"frame": {"x":2,"y":2,"w":317,"h":562},
	"rotated": false,
	"trimmed": true,
	"spriteSourceSize": {"x":183,"y":0,"w":317,"h":562},
	"sourceSize": {"w":600,"h":600}
},
"meteor.png":
{
	"frame": {"x":2,"y":608,"w":96,"h":80},
	"rotated": false,
	"trimmed": false,
	"spriteSourceSize": {"x":0,"y":0,"w":96,"h":80},
	"sourceSize": {"w":96,"h":80}
},
"popUp.png":
{
	"frame": {"x":239,"y":704,"w":36,"h":36},
	"rotated": false,
	"trimmed": false,
	"spriteSourceSize": {"x":0,"y":0,"w":36,"h":36},
	"sourceSize": {"w":36,"h":36}
},
"random.png":
{
	"frame": {"x":202,"y":610,"w":50,"h":50},
	"rotated": false,
	"trimmed": true,
	"spriteSourceSize": {"x":23,"y":15,"w":50,"h":50},
	"sourceSize": {"w":96,"h":80}
},
"right2.png":
{
	"frame": {"x":274,"y":744,"w":34,"h":34},
	"rotated": false,
	"trimmed": true,
	"spriteSourceSize": {"x":5,"y":5,"w":34,"h":34},
	"sourceSize": {"w":44,"h":44}
},
"rot.png":
{
	"frame": {"x":102,"y":685,"w":54,"h":51},
	"rotated": false,
	"trimmed": true,
	"spriteSourceSize": {"x":23,"y":11,"w":54,"h":51},
	"sourceSize": {"w":96,"h":80}
},
"rotate.png":
{
	"frame": {"x":160,"y":685,"w":35,"h":39},
	"rotated": false,
	"trimmed": true,
	"spriteSourceSize": {"x":5,"y":3,"w":35,"h":39},
	"sourceSize": {"w":44,"h":44}
},
"up2.png":
{
	"frame": {"x":279,"y":704,"w":34,"h":34},
	"rotated": false,
	"trimmed": true,
	"spriteSourceSize": {"x":5,"y":5,"w":34,"h":34},
	"sourceSize": {"w":44,"h":44}
},
"video.png":
{
	"frame": {"x":206,"y":568,"w":54,"h":38},
	"rotated": false,
	"trimmed": true,
	"spriteSourceSize": {"x":23,"y":23,"w":54,"h":38},
	"sourceSize": {"w":96,"h":80}
}},
"meta": {
	"app": "https://www.codeandweb.com/texturepacker",
	"version": "1.0",
	"image": "textures-0.png",
	"format": "RGBA8888",
	"size": {"w":321,"h":786},
	"scale": "1",
	"smartupdate": "$TexturePacker:SmartUpdate:40e6a024790312a6fdb853fbdc40cbc4:74926741934013aff2581c5083da736c:6a8467eb9bb2a6a88234602cf74b81b4$"
}
}
